PLOTID,VISIT_NBR,STATECD,UNITCD,COUNTYCD,RETIRED_PLOT,INTENSITY,MEAS_YEAR,MEAS_MONTH,MEAS_DAY,KINDCD,PLOT_STATUS_CD,PLOT_NONSAMPLE_REASN_CD,SAMPLE_METHOD_CD,MANUAL_NATIONAL,MANUAL_REGIONAL,LAT,LON,ROAD_DIST_CD,WATER_CD,SUBP_EXAMINE_CD,CN,PREV_PLT_CN
1469468,1,55,5,59,22287,5,2017,6,29,1,2,,,7.1,7.1,42.550977,-88.259189,,,1,923674,
1469153,1,55,5,59,22205,5,2018,7,27,1,4,2.0,,7.2.1,7.2.1,42.528469,-88.23238,,,1,923686,
1469307,1,55,5,59,22221,4,2021,4,13,1,2,,,9.0,9.0.1,42.511447,-88.207418,,,1,924136,
1856989,1,17,3,31,23458,8,2019,7,19,1,2,,,8.0,8.0,41.842359,-87.647004,,,1,352769401489998,
1857885,1,17,3,31,22123,7,2019,7,17,1,2,,,8.0,8.0,41.725528,-87.599915,,,1,352769405489998,
1852368,4,17,3,31,20079,1,2022,6,28,1,2,,,9.1,9.1,42.039961,-87.714585,,,1,352769423489998,
1837509,4,17,3,197,20084,1,2022,9,24,1,2,,,9.1,9.1,41.583163,-88.131912,,,1,352769441489998,
1856817,1,17,3,31,23198,2,2019,7,18,1,2,,,8.0,8.0,41.969359,-87.710658,,,1,352769451489998,
1857087,1,17,3,31,23522,3,2019,7,16,1,2,,,8.0,8.0,41.757036,-87.695006,,,1,352769459489998,
1857724,1,17,3,31,21965,4,2019,7,17,1,2,,,8.0,8.0,41.747421,-87.546913,,,1,352769462489998,
1856952,1,17,3,31,23360,3,2019,8,27,1,2,,,8.0,8.0,41.954792,-87.766302,,,1,352769468489998,
1795828,4,17,3,89,20099,1,2021,7,1,1,2,,,9.0,9.0.1,41.784462,-88.276996,,,1,352769492489998,
1796338,4,17,3,97,20009,1,2020,1,1,1,3,,,9.0,9.0.1,42.344032,-88.04111,,,1,352769497489998,
1797391,4,17,3,111,20005,1,2020,1,1,1,2,,,9.0,9.0.1,42.175491,-88.433764,,,1,352769501489998,
1795874,4,17,3,89,20030,1,2020,1,1,1,2,,,9.0,9.0.1,41.910159,-88.376464,,,1,352769504489998,
1856495,1,17,3,31,22840,4,2019,8,19,1,2,,,8.0,8.0,41.98377,-87.6539,,,1,352769515489998,
1855170,1,17,3,31,21988,3,2019,8,28,1,2,,,8.0,8.0,41.802522,-87.620036,,,1,352769523489998,
1857096,1,17,3,31,23567,2,2019,7,15,1,2,,,8.0,8.0,41.773005,-87.746658,,,1,352769542489998,
1852343,4,17,3,31,20029,1,2021,6,28,1,2,,,9.0,9.0.1,41.622753,-87.711831,,,1,352769545489998,
1796295,5,17,3,97,20016,1,2021,5,25,1,2,,,9.0,9.0.1,42.380986,-87.867023,,,1,352769552489998,
1837520,4,17,3,197,20096,1,2021,7,28,1,2,,,9.0,9.0.1,41.538691,-88.06623,,,1,352769560489998,
1796131,4,17,3,93,20008,1,2021,6,29,1,2,,,9.0,9.0.1,41.699149,-88.330883,,,1,352769574489998,
1857019,1,17,3,31,23482,6,2019,8,27,1,2,,,8.0,8.0,41.823927,-87.697276,,,1,352769592489998,
1852396,4,17,3,31,20146,1,2019,7,16,1,2,,,8.0,8.0,41.740534,-87.653441,,,1,352769602489998,
1856932,1,17,3,31,23326,6,2019,8,28,1,4,2.0,,8.0,8.0,41.991215,-87.809824,,,1,352769610489998,
1852988,4,17,3,43,20044,1,2019,7,25,1,2,,,8.0,8.0,41.90745,-87.970368,,,1,352769633489998,
1797360,4,17,3,111,20072,1,2019,7,23,1,2,,,8.0,8.0,42.328064,-88.442859,,,1,352769639489998,
1857778,1,17,3,31,22046,3,2018,7,18,1,2,,,7.2.1,7.2.1,41.800469,-87.615591,,,1,352769674489998,
1857128,1,17,3,31,23616,8,2018,5,24,1,2,,,7.2.1,7.2.1,41.785333,-87.748734,,,1,352769685489998,
1855295,1,17,3,31,24545,7,2018,6,12,1,2,,,7.2.1,7.2.1,42.000902,-87.910221,,,1,352769686489998,
1852348,4,17,3,31,20149,1,2018,7,19,1,2,,,7.2.1,7.2.1,41.673811,-87.716538,,,1,352769689489998,
1796287,4,17,3,97,20043,1,2018,6,11,1,2,,,7.2.1,7.2.1,42.435357,-87.882354,,,1,352769697489998,
1852377,4,17,3,31,20102,1,2018,6,13,1,2,,,7.2.1,7.2.1,42.113484,-87.912378,,,1,352769700489998,
1796319,4,17,3,97,20026,1,2018,6,12,1,2,,,7.2.1,7.2.1,42.204501,-87.997046,,,1,352769701489998,
1796089,4,17,3,93,20055,1,2018,6,27,1,2,,,7.2.1,7.2.1,41.713147,-88.340681,,,1,352769711489998,
1857703,1,17,3,31,21825,7,2017,7,12,1,2,,,7.1,7.1,41.917306,-87.6747,,,1,352769730489998,
1857762,1,17,3,31,22008,6,2017,7,14,1,2,,,7.1,7.1,41.778256,-87.592373,,,1,352769738489998,
1857893,1,17,3,31,22196,6,2017,6,27,1,2,,,7.1,7.1,41.715615,-87.656956,,,1,352769741489998,
1857910,1,17,3,31,22179,2,2017,6,27,1,2,,,7.1,7.1,41.700485,-87.683697,,,1,352769749489998,
1796377,4,17,3,97,20200,1,2017,5,24,1,3,,,7.1,7.1,42.252797,-88.001239,,,1,352769768489998,
1852453,4,17,3,31,20206,1,2017,5,12,1,2,,,7.1,7.1,42.01347,-87.931239,,,1,352769769489998,
1796329,4,17,3,97,20029,1,2017,5,19,1,4,2.0,,7.1,7.1,42.166713,-88.078943,,,1,352769777489998,
1797322,4,17,3,111,20109,1,2017,7,11,1,2,,,7.1,7.1,42.309447,-88.283911,,,1,352769785489998,
1795846,4,17,3,89,20032,1,2017,7,10,1,2,,,7.1,7.1,42.089932,-88.402935,,,1,352769787489998,
1857773,1,17,3,31,22051,8,2016,6,22,1,2,,,7.0,7.0,41.797914,-87.638192,,,1,352769813489998,
1796363,4,17,3,97,20035,1,2016,6,7,1,2,,,7.0,7.0,42.313157,-87.880141,,,1,352769837489998,
1796331,5,17,3,97,20077,1,2016,6,7,1,2,,,7.0,7.0,42.470918,-88.056107,,,1,352769838489998,
1796376,5,17,3,97,20055,1,2016,6,9,1,2,,,7.0,7.0,42.153805,-87.849803,,,1,352769842489998,
1852441,4,17,3,31,20087,1,2016,6,20,1,2,,,7.0,7.0,42.057324,-87.978516,,,1,352769847489998,
1853009,4,17,3,43,20202,1,2016,6,21,1,1,,,7.0,7.0,41.817621,-88.037418,4.0,0.0,1,352769848489998,
1852420,4,17,3,31,20177,1,2016,5,18,1,2,,,7.0,7.0,41.733244,-87.909962,,,1,352769849489998,
1852434,4,17,3,31,20014,1,2016,6,9,1,2,,,7.0,7.0,41.686327,-87.922547,,,1,352769851489998,
1852461,4,17,3,31,20103,1,2016,8,8,1,4,2.0,,7.0,7.0,42.056392,-88.107316,,,1,352769853489998,
1915885,5,18,4,89,20058,1,2016,6,9,1,2,,,7.0,7.0,41.619485,-87.286727,,,1,352769864489998,
1857047,2,17,3,31,23508,3,2021,8,12,2,2,,,9.0,9.0.1,41.815999,-87.696354,,,1,559740545126144,352769810489998.0
1857913,2,17,3,31,22176,5,2021,6,30,2,2,,,9.0,9.0.1,41.699543,-87.649491,,,1,559740563126144,352769819489998.0
1855691,2,17,3,31,22147,2,2021,7,1,2,2,,,9.0,9.0.1,41.700094,-87.588324,,,1,559740567126144,352769821489998.0
1855684,2,17,3,31,22154,3,2020,1,1,2,3,,,9.0,9.0.1,41.682845,-87.586214,,,1,559740587126144,352769824489998.0
1857762,2,17,3,31,22008,6,2021,6,29,2,2,,,9.0,9.0.1,41.778256,-87.592373,,,1,781816993290487,352769738489998.0
1857000,2,17,3,31,23447,3,2021,9,17,2,2,,,9.0,9.0.1,41.820588,-87.626113,,,1,781816996290487,352769735489998.0
1856805,2,17,3,31,23210,3,2021,9,17,2,2,,,9.0,9.0.1,41.981189,-87.681831,,,1,781817023290487,352769722489998.0
1857703,2,17,3,31,21825,7,2021,5,26,2,2,,,9.0,9.0.1,41.917306,-87.6747,,,1,781817034290487,352769730489998.0
1856776,2,17,3,31,23185,7,2021,9,17,2,2,,,9.0,9.0.1,41.993996,-87.694619,,,1,781817049290487,352769724489998.0
1856814,2,17,3,31,23201,6,2021,9,17,2,2,,,9.0,9.0.1,41.973927,-87.708453,,,1,781817052290487,352769723489998.0
1854876,2,17,3,31,22214,6,2022,9,21,2,2,,,9.1,9.1,41.663143,-87.632738,,,1,992948025290487,352769679489998.0
1857063,2,17,3,31,23492,5,2022,6,22,2,2,,,9.1,9.1,41.776595,-87.676754,,,1,992948031290487,352769671489998.0
1856854,2,17,3,31,23296,2,2022,9,22,2,2,,,9.1,9.1,41.902329,-87.722934,,,1,992948040290487,352769664489998.0
1857132,2,17,3,31,23612,6,2022,6,29,2,2,,,9.1,9.1,41.79695,-87.762253,,,1,992948058290487,352769670489998.0
1469295,1,55,5,59,22215,3,2016,6,22,1,2,,,7.0,7.0,42.50599,-88.212572,,,1,923464,
1467767,1,55,5,59,21512,3,2017,6,28,1,2,,,7.1,7.1,42.547731,-87.842081,,,1,923673,
1467909,1,55,5,59,21583,5,2018,7,12,1,1,,,7.2.1,7.2.1,42.598301,-87.86585,2.0,0.0,1,923689,
1467945,1,55,5,59,21601,3,2018,7,10,1,2,,,7.2.1,7.2.1,42.580142,-87.892222,,,1,923690,
1467849,1,55,5,59,21553,4,2019,6,19,1,2,,,8.0,8.0,42.572627,-87.83347,,,1,923694,
1469838,5,55,5,59,20025,1,2021,4,14,1,1,,,9.0,9.0.1,42.555195,-87.820475,2.0,2.0,1,924013,
1469866,5,55,5,59,20263,2,2021,8,11,1,2,,,9.1,9.1,42.529515,-87.882831,,,1,924140,
1854646,1,17,3,31,23237,6,2019,8,28,1,2,,,8.0,8.0,41.990765,-87.72965,,,1,352769389489998,
1856836,1,17,3,31,23260,5,2019,7,18,1,2,,,8.0,8.0,41.924199,-87.745801,,,1,352769392489998,
1857076,1,17,3,31,23533,6,2019,8,26,1,2,,,8.0,8.0,41.750054,-87.65846,,,1,352769403489998,
1853027,4,17,3,43,20053,1,2022,9,26,1,4,2.0,,9.1,9.1,41.763253,-88.083182,,,1,352769437489998,
1853041,9,17,3,43,20005,1,2022,9,20,1,2,,,9.1,9.1,41.948328,-88.217856,,,1,352769438489998,
1837539,4,17,3,197,20162,1,2022,9,24,1,2,,,9.1,9.1,41.44847,-88.195783,,,1,352769439489998,
1857088,1,17,3,31,23521,2,2019,7,15,1,2,,,8.0,8.0,41.748997,-87.682612,,,1,352769460489998,
1858000,1,17,3,31,22332,3,2019,7,16,1,2,,,8.0,8.0,41.682032,-87.710773,,,1,352769464489998,
1856901,1,17,3,31,23303,5,2019,7,16,1,2,,,8.0,8.0,41.891286,-87.776459,,,1,352769469489998,
1856872,1,17,3,31,23278,3,2019,7,16,1,2,,,8.0,8.0,41.894676,-87.744706,,,1,352769470489998,
1837556,4,17,3,197,20028,1,2021,6,30,1,2,,,9.0,9.0.1,41.524125,-87.905374,,,1,352769476489998,
1837408,4,17,3,197,20051,1,2020,1,1,1,2,,,9.0,9.0.1,41.362088,-87.629864,,,1,352769484489998,
1796297,4,17,3,97,20007,1,2020,1,1,1,2,,,9.0,9.0.1,42.357658,-87.87544,,,1,352769485489998,
1852371,4,17,3,31,20083,1,2021,7,1,1,1,,,9.0,9.0.1,42.120016,-87.769294,4.0,5.0,1,352769487489998,
1917860,5,18,4,127,20001,1,2021,8,19,1,2,,,9.0,9.0.1,41.583062,-87.192069,,,1,352769507489998,
1852379,4,17,3,31,20204,1,2021,5,25,1,2,,,9.0,9.0.1,42.006097,-87.708829,,,1,352769516489998,
1852381,4,17,3,31,20021,1,2021,8,9,1,2,,,9.0,9.0.1,41.920131,-87.715019,,,1,352769517489998,
1856866,1,17,3,31,23284,7,2019,7,17,1,2,,,8.0,8.0,41.886033,-87.703648,,,1,352769520489998,
1857013,1,17,3,31,23434,2,2019,7,20,1,2,,,8.0,8.0,41.822459,-87.637114,,,1,352769524489998,
1857055,1,17,3,31,23500,7,2019,7,17,1,2,,,8.0,8.0,41.782608,-87.66611,,,1,352769526489998,
1857740,1,17,3,31,21949,6,2019,7,17,1,2,,,8.0,8.0,41.710963,-87.544556,,,1,352769532489998,
1856927,1,17,3,31,23331,4,2019,8,23,1,2,,,8.0,8.0,41.983717,-87.809401,,,1,352769536489998,
1856914,1,17,3,31,23344,3,2019,8,29,1,1,,,8.0,8.0,41.997109,-87.786276,4.0,0.0,1,352769538489998,
1796327,4,17,3,97,20023,1,2021,6,30,1,2,,,9.0,9.0.1,42.155407,-87.956075,,,1,352769556489998,
1837512,4,17,3,197,20081,1,2021,7,1,1,3,,,9.0,9.0.1,41.609774,-88.197541,,,1,352769559489998,
1789902,4,17,3,63,20052,1,2021,7,27,1,2,,,9.0,9.0.1,41.300715,-88.302401,,,1,352769562489998,
1852497,4,17,3,31,20111,1,2021,8,9,1,4,2.0,,9.0,9.0.1,42.065634,-88.160627,,,1,352769566489998,
1853005,4,17,3,43,20004,1,2021,8,14,1,2,,,9.0,9.0.1,41.91196,-88.074719,,,1,352769570489998,
1915171,4,18,4,89,20095,1,2021,8,18,1,2,,,9.0,9.0.1,41.552455,-87.229176,,,1,352769579489998,
1857739,1,17,3,31,21950,8,2019,8,26,1,2,,,8.0,8.0,41.715212,-87.571745,,,1,352769603489998,
1855532,1,17,3,31,23387,7,2019,8,28,1,2,,,8.0,8.0,41.952359,-87.831897,,,1,352769613489998,
1837412,5,17,3,197,20030,1,2019,8,29,1,2,,,8.0,8.0,41.401243,-87.625155,,,1,352769617489998,
1852364,4,17,3,31,20006,1,2019,8,29,1,1,,,8.0,8.0,41.472542,-87.742322,2.0,0.0,1,352769620489998,
1852442,4,17,3,31,20004,1,2019,7,22,1,2,,,8.0,8.0,42.069145,-88.009053,,,1,352769622489998,
1796336,4,17,3,97,20008,1,2019,6,10,1,3,,,8.0,8.0,42.385245,-88.026011,,,1,352769629489998,
1837451,4,17,3,197,20160,1,2019,8,11,1,1,,,8.0,8.0,41.628228,-88.034875,2.0,0.0,1,352769637489998,
1853030,4,17,3,43,20009,1,2019,8,13,1,1,,,8.0,8.0,41.819726,-88.149118,5.0,0.0,1,352769644489998,
1857043,1,17,3,31,23512,2,2018,6,26,1,2,,,7.2.1,7.2.1,41.808232,-87.698017,,,1,352769665489998,
1857101,1,17,3,31,23562,4,2018,5,24,1,2,,,7.2.1,7.2.1,41.744129,-87.719877,,,1,352769675489998,
1795843,4,17,3,89,20001,1,2018,6,12,1,2,,,7.2.1,7.2.1,42.108495,-88.365807,,,1,352769705489998,
1853016,4,17,3,43,20010,1,2018,6,12,1,2,,,7.2.1,7.2.1,41.88418,-88.114683,,,1,352769706489998,
1853049,4,17,3,43,20052,1,2018,6,11,1,2,,,7.2.1,7.2.1,41.848577,-88.166772,,,1,352769707489998,
1852387,4,17,3,31,20101,1,2017,5,19,1,2,,,7.1,7.1,41.944893,-87.77812,,,1,352769731489998,
1857710,1,17,3,31,21939,3,2017,6,28,1,2,,,7.1,7.1,41.739579,-87.543586,,,1,352769739489998,
1855673,1,17,3,31,22165,5,2017,6,29,1,1,,,7.1,7.1,41.710539,-87.591838,1.0,0.0,1,352769743489998,
1857735,1,17,3,31,21954,2,2017,6,29,1,2,,,7.1,7.1,41.733809,-87.576091,,,1,352769744489998,
1857843,1,17,3,31,22111,5,2017,6,28,1,2,,,7.1,7.1,41.654799,-87.566383,,,1,352769750489998,
1852493,4,17,3,31,20105,1,2017,5,24,1,2,,,7.1,7.1,41.589295,-87.564432,,,1,352769756489998,
1852357,4,17,3,31,20116,1,2017,6,19,1,1,,,7.1,7.1,41.480739,-87.662797,4.0,4.0,1,352769758489998,
1852996,4,17,3,43,20048,1,2017,5,10,1,2,,,7.1,7.1,41.947249,-87.939971,,,1,352769770489998,
1853014,4,17,3,43,20006,1,2017,5,12,1,2,,,7.1,7.1,41.922835,-88.137005,,,1,352769781489998,
1795853,4,17,3,89,20007,1,2017,5,10,1,2,,,7.1,7.1,41.937977,-88.272821,,,1,352769784489998,
1837522,4,17,3,197,20202,1,2017,5,10,1,2,,,7.1,7.1,41.544416,-88.116688,,,1,352769788489998,
1856965,1,17,3,31,23428,2,2016,6,23,1,2,,,7.0,7.0,41.856235,-87.654632,,,1,352769806489998,
1856997,1,17,3,31,23450,6,2016,6,22,1,2,,,7.0,7.0,41.805524,-87.659945,,,1,352769811489998,
1857880,1,17,3,31,22128,3,2016,6,9,1,2,,,7.0,7.0,41.742991,-87.639518,,,1,352769816489998,
1857748,1,17,3,31,22022,7,2016,6,9,1,2,,,7.0,7.0,41.752724,-87.558458,,,1,352769818489998,
1852410,5,17,3,31,20085,1,2016,5,11,1,2,,,7.0,7.0,41.79681,-87.858428,,,1,352769836489998,
1796340,4,17,3,97,20080,1,2016,6,9,1,1,,,7.0,7.0,42.442104,-88.139553,1.0,0.0,1,352769840489998,
1837504,4,17,3,197,20059,1,2016,5,4,1,2,,,7.0,7.0,41.719022,-88.129919,,,1,352769856489998,
1797331,6,17,3,111,20201,1,2016,6,8,1,2,,,7.0,7.0,42.241982,-88.338715,,,1,352769861489998,
1915163,5,18,4,127,20116,1,2016,6,7,1,2,,,7.0,7.0,41.563323,-87.175375,,,1,352769862489998,
1917892,5,18,4,89,20163,1,2016,6,7,1,2,,,7.0,7.0,41.623032,-87.437325,,,1,352769865489998,
1916010,5,18,4,89,20121,1,2016,6,7,1,1,,,7.0,7.0,41.527422,-87.492277,2.0,0.0,1,352769866489998,
1915175,5,18,4,127,20026,1,2016,6,7,1,2,,,7.0,7.0,41.488194,-87.025595,,,1,352769867489998,
1856997,2,17,3,31,23450,6,2021,5,26,2,2,,,9.0,9.0.1,41.805524,-87.659945,,,1,559740551126144,352769811489998.0
1857721,2,17,3,31,21968,5,2021,8,14,2,2,,,9.0,9.0.1,41.701366,-87.534532,,,1,559740569126144,352769823489998.0
1857725,3,17,3,31,21964,7,2021,6,28,2,2,,,9.0,9.0.1,41.73254,-87.53517,,,1,781816978290487,352769747489998.0
1857870,2,17,3,31,22138,4,2021,9,17,2,2,,,9.0,9.0.1,41.744055,-87.610323,,,1,781817011290487,352769745489998.0
1857071,2,17,3,31,23538,8,2021,8,14,2,2,,,9.0,9.0.1,41.764865,-87.676908,,,1,781817020290487,352769742489998.0
1856828,2,17,3,31,23268,3,2021,5,25,2,2,,,9.0,9.0.1,41.956784,-87.732077,,,1,781817040290487,352769726489998.0
1856834,2,17,3,31,23262,4,2021,5,25,2,2,,,9.0,9.0.1,41.940446,-87.695547,,,1,781817043290487,352769727489998.0
1857778,2,17,3,31,22046,3,2022,7,1,2,2,,,9.1,9.1,41.800469,-87.615591,,,1,992948016290487,352769674489998.0
1855295,2,17,3,31,24545,7,2022,3,9,2,2,,,9.1,9.1,42.000902,-87.910221,,,1,992948064290487,352769686489998.0
1469784,5,55,5,59,20076,1,2019,6,21,1,2,,,8.0,8.0,42.570669,-88.198166,,,1,923575,
1469663,6,55,5,59,20034,1,2019,6,20,1,2,,,8.0,8.0,42.582771,-87.854133,,,1,923576,
1469881,4,55,5,59,20272,2,2019,6,20,1,2,,,8.0,8.0,42.57601,-87.916736,,,1,923692,
1469478,1,55,5,59,22292,5,2019,6,19,1,2,,,8.0,8.0,42.523886,-88.269933,,,1,923693,
1467826,1,55,5,59,21541,4,2022,8,10,1,2,,,9.1,9.1,42.642062,-87.823823,,,1,924143,
1856813,1,17,3,31,23202,7,2019,8,27,1,2,,,8.0,8.0,41.961529,-87.721075,,,1,352769390489998,
1852325,4,17,3,31,20082,1,2022,9,22,1,2,,,9.1,9.1,41.92342,-87.679406,,,1,352769393489998,
1857816,1,17,3,31,22065,7,2019,7,17,1,2,,,8.0,8.0,41.672704,-87.55445,,,1,352769409489998,
1852360,4,17,3,31,20143,1,2022,6,30,1,2,,,9.1,9.1,41.543533,-87.669845,,,1,352769414489998,
1852362,4,17,3,31,20100,1,2022,6,30,1,2,,,9.1,9.1,41.502351,-87.715887,,,1,352769416489998,
1796349,4,17,3,97,20068,1,2022,7,28,1,2,,,9.1,9.1,42.34216,-88.194731,,,1,352769422489998,
1852408,4,17,3,31,20178,1,2022,6,29,1,2,,,9.1,9.1,41.834023,-87.900046,,,1,352769427489998,
1852435,4,17,3,31,20141,1,2022,6,30,1,2,,,9.1,9.1,41.664135,-87.9781,,,1,352769430489998,
1916056,5,18,4,89,20085,1,2021,8,10,1,3,,,9.1,9.1,41.372614,-87.429375,,,1,352769443489998,
1917627,5,18,4,127,20118,1,2021,8,10,1,2,,,9.1,9.1,41.618618,-87.110949,,,1,352769445489998,
1856865,1,17,3,31,23285,5,2019,7,18,1,2,,,8.0,8.0,41.899045,-87.698704,,,1,352769454489998,
1857014,1,17,3,31,23487,2,2019,6,10,1,2,,,8.0,8.0,41.819683,-87.718999,,,1,352769457489998,
1857876,1,17,3,31,22132,6,2019,7,15,1,2,,,8.0,8.0,41.711995,-87.635472,,,1,352769463489998,
1796307,4,17,3,97,20079,1,2020,1,1,1,2,,,9.0,9.0.1,42.26865,-87.906385,,,1,352769486489998,
1796345,4,17,3,97,20075,1,2020,1,1,1,3,,,9.0,9.0.1,42.411001,-88.174792,,,1,352769496489998,
1796356,4,17,3,97,20060,1,2021,6,30,1,2,,,9.0,9.0.1,42.173907,-88.128918,,,1,352769498489998,
1856878,1,17,3,31,23272,4,2019,7,16,1,2,,,8.0,8.0,41.88254,-87.726626,,,1,352769518489998,
1857761,1,17,3,31,22009,4,2019,7,19,1,2,,,8.0,8.0,41.781947,-87.589129,,,1,352769525489998,
1852490,4,17,3,31,20062,1,2021,6,28,1,1,,,9.0,9.0.1,41.528285,-87.743059,3.0,0.0,1,352769546489998,
1852990,4,17,3,43,20043,1,2021,8,9,1,2,,,9.0,9.0.1,41.836909,-87.926173,,,1,352769548489998,
1852437,4,17,3,31,20131,1,2021,5,25,1,2,,,9.0,9.0.1,42.148363,-87.827583,,,1,352769555489998,
1852475,4,17,3,31,20058,1,2021,8,12,1,4,2.0,,9.0,9.0.1,42.089514,-87.858873,,,1,352769567489998,
1852501,4,17,3,31,20024,1,2019,7,18,1,2,,,8.0,8.0,41.988443,-87.738205,,,1,352769585489998,
1857624,1,17,3,31,21769,2,2019,6,3,1,3,,,8.0,8.0,41.869718,-87.613269,,,1,352769589489998,
1857817,1,17,3,31,22064,5,2019,7,17,1,2,,,8.0,8.0,41.663373,-87.556792,,,1,352769608489998,
1852401,5,17,3,31,20132,1,2019,7,16,1,2,,,8.0,8.0,41.821796,-87.835811,,,1,352769626489998,
1797320,4,17,3,111,20200,1,2019,8,7,1,1,,,8.0,8.0,42.30083,-88.25215,4.0,0.0,1,352769647489998,
1796103,4,17,3,93,20014,1,2019,8,12,1,3,,,8.0,8.0,41.639574,-88.448378,,,1,352769649489998,
1796129,4,17,3,93,20033,1,2019,7,15,1,2,,,8.0,8.0,41.677854,-88.505698,,,1,352769650489998,
1915150,4,18,4,127,20092,1,2019,8,9,1,2,,,8.0,8.0,41.476082,-87.084675,,,1,352769654489998,
1915993,4,18,4,89,20101,1,2019,8,9,1,2,,,8.0,8.0,41.472042,-87.398288,,,1,352769656489998,
1856994,1,17,3,31,23453,7,2018,7,17,1,2,,,7.2.1,7.2.1,41.840951,-87.628538,,,1,352769668489998,
1857132,1,17,3,31,23612,6,2018,6,14,1,2,,,7.2.1,7.2.1,41.79695,-87.762253,,,1,352769670489998,
1857070,1,17,3,31,23539,7,2018,7,18,1,2,,,7.2.1,7.2.1,41.760045,-87.674616,,,1,352769677489998,
1853043,4,17,3,43,20012,1,2018,6,27,1,2,,,7.2.1,7.2.1,41.943127,-88.25951,,,1,352769709489998,
1797333,4,17,3,111,20050,1,2018,6,12,1,2,,,7.2.1,7.2.1,42.192582,-88.313472,,,1,352769713489998,
1856803,1,17,3,31,23212,4,2017,5,20,1,2,,,7.1,7.1,41.950602,-87.680464,,,1,352769729489998,
1857776,1,17,3,31,22048,6,2017,7,13,1,2,,,7.1,7.1,41.763714,-87.626432,,,1,352769737489998,
1857870,1,17,3,31,22138,4,2017,6,28,1,2,,,7.1,7.1,41.744055,-87.610323,,,1,352769745489998,
1837441,4,17,3,197,20156,1,2017,6,28,1,4,2.0,,7.1,7.1,41.634188,-87.941588,,,1,352769762489998,
1852370,5,17,3,31,20112,1,2017,5,15,1,2,,,7.1,7.1,42.089859,-87.746358,,,1,352769766489998,
1796348,4,17,3,97,20201,1,2017,5,10,1,2,,,7.1,7.1,42.321273,-88.148566,,,1,352769776489998,
1915950,4,18,4,89,20056,1,2017,6,21,1,1,,,7.1,7.1,41.483692,-87.339247,1.0,0.0,1,352769791489998,
1917629,4,18,4,89,20011,1,2017,6,21,1,2,,,7.1,7.1,41.485383,-87.480816,,,1,352769792489998,
1852336,4,17,3,31,20201,1,2017,6,19,1,2,,,7.1,7.1,41.631044,-87.529177,,,1,352769795489998,
1856781,1,17,3,31,23180,4,2016,5,16,1,2,,,7.0,7.0,41.990175,-87.713765,,,1,352769801489998,
1852392,4,17,3,31,20205,1,2016,6,23,1,2,,,7.0,7.0,41.843455,-87.708848,,,1,352769809489998,
1857812,1,17,3,31,22069,3,2016,5,26,1,2,,,7.0,7.0,41.665403,-87.565421,,,1,352769822489998,
1854673,1,17,3,31,23588,8,2016,6,28,1,2,,,7.0,7.0,41.867252,-87.759815,,,1,352769827489998,
1855296,1,17,3,31,24544,6,2016,6,20,1,2,,,7.0,7.0,41.961308,-87.898411,,,1,352769828489998,
1837440,4,17,3,197,20071,1,2016,6,14,1,2,,,7.0,7.0,41.514223,-87.848391,,,1,352769832489998,
1796375,4,17,3,97,20011,1,2016,6,7,1,2,,,7.0,7.0,42.363699,-87.976923,,,1,352769839489998,
1797337,4,17,3,111,20061,1,2016,5,4,1,2,,,7.0,7.0,42.201745,-88.378046,,,1,352769854489998,
1837559,4,17,3,197,20052,1,2016,6,14,1,2,,,7.0,7.0,41.680891,-88.098528,,,1,352769855489998,
1915966,5,18,4,89,20120,1,2016,6,7,1,2,,,7.0,7.0,41.482619,-87.34877,,,1,352769869489998,
1859375,2,17,3,31,21803,7,2021,8,9,2,2,,,9.0,9.0.1,41.900067,-87.62104,,,1,559740557126144,352769805489998.0
1856979,2,17,3,31,23414,8,2020,1,1,2,3,,,9.0,9.0.1,41.872054,-87.630952,,,1,559740583126144,352769807489998.0
1857710,2,17,3,31,21939,3,2021,6,28,2,2,,,9.0,9.0.1,41.739579,-87.543586,,,1,781816990290487,352769739489998.0
1857806,2,17,3,31,22075,6,2022,9,21,2,2,,,9.1,9.1,41.706793,-87.535547,,,1,992948013290487,352769680489998.0
1856994,2,17,3,31,23453,7,2022,9,22,2,2,,,9.1,9.1,41.840951,-87.628538,,,1,992948037290487,352769668489998.0
1854661,2,17,3,31,23222,2,2022,9,22,2,2,,,9.1,9.1,41.978249,-87.739546,,,1,992948043290487,352769663489998.0
1857103,2,17,3,31,23560,3,2022,9,21,2,2,,,9.1,9.1,41.77301,-87.725682,,,1,992948049290487,352769676489998.0
1856930,2,17,3,31,23328,2,2022,3,9,2,2,,,9.1,9.1,41.998363,-87.800125,,,1,992948067290487,352769682489998.0
1855301,2,17,3,31,24539,5,2022,3,9,2,2,,,9.1,9.1,41.986224,-87.893308,,,1,992948073290487,352769688489998.0
1468106,1,55,5,59,21681,5,2017,6,27,1,2,,,7.1,7.1,42.550319,-87.880778,,,1,923676,
1468101,1,55,5,59,21679,3,2021,4,14,1,2,,,9.0,9.0.1,42.574489,-87.854659,,,1,924131,
1857679,1,17,3,31,21849,5,2019,8,27,1,2,,,8.0,8.0,41.937173,-87.666208,,,1,352769391489998,
1856863,1,17,3,31,23287,8,2019,7,18,1,2,,,8.0,8.0,41.873591,-87.725003,,,1,352769395489998,
1856829,1,17,3,31,23267,8,2019,7,18,1,2,,,8.0,8.0,41.919265,-87.718349,,,1,352769397489998,
1857643,1,17,3,31,21750,5,2019,7,16,1,2,,,8.0,8.0,41.857849,-87.614491,,,1,352769402489998,
1858016,1,17,3,31,22316,7,2019,7,17,1,2,,,8.0,8.0,41.693253,-87.732144,,,1,352769410489998,
1856897,1,17,3,31,23307,8,2019,8,26,1,2,,,8.0,8.0,41.900721,-87.760623,,,1,352769411489998,
1795876,4,17,3,89,20006,1,2022,9,13,1,2,,,9.1,9.1,41.858491,-88.372394,,,1,352769426489998,
1853007,4,17,3,43,20022,1,2022,9,19,1,2,,,9.1,9.1,41.854941,-88.082844,,,1,352769436489998,
1856825,1,17,3,31,23271,7,2019,8,29,1,2,,,8.0,8.0,41.915014,-87.743052,,,1,352769455489998,
1857035,1,17,3,31,23466,3,2019,8,27,1,2,,,8.0,8.0,41.846153,-87.719027,,,1,352769456489998,
1852338,4,17,3,31,20142,1,2021,8,14,1,2,,,9.0,9.0.1,41.73286,-87.583307,,,1,352769461489998,
1856920,1,17,3,31,23338,5,2019,8,28,1,4,2.0,,8.0,8.0,41.981255,-87.777805,,,1,352769467489998,
1852320,8,17,3,31,20137,1,2021,8,13,1,4,2.0,,9.0,9.0.1,41.531542,-87.548269,,,1,352769472489998,
1852499,4,17,3,31,20009,1,2020,1,1,1,2,,,9.0,9.0.1,41.648122,-87.653585,,,1,352769473489998,
1852483,4,17,3,31,20042,1,2021,6,30,1,2,,,9.0,9.0.1,41.937526,-87.862274,,,1,352769477489998,
1852507,4,17,3,31,20070,1,2021,6,28,1,2,,,9.0,9.0.1,41.739669,-87.795609,,,1,352769479489998,
1852467,8,17,3,31,20098,1,2021,8,11,1,1,,,9.0,9.0.1,42.10503,-88.153529,5.0,0.0,1,352769499489998,
1795882,4,17,3,89,20042,1,2021,8,10,1,1,,,9.0,9.0.1,41.772068,-88.41894,3.0,2.0,1,352769505489998,
1789941,4,17,3,63,20056,1,2020,1,1,1,2,,,9.0,9.0.1,41.381468,-88.389031,,,1,352769506489998,
1857754,1,17,3,31,22016,8,2019,7,17,1,2,,,8.0,8.0,41.752447,-87.590004,,,1,352769527489998,
1857904,1,17,3,31,22185,3,2019,8,27,1,2,,,8.0,8.0,41.689597,-87.636422,,,1,352769534489998,
1796311,4,17,3,97,20059,1,2021,5,25,1,2,,,9.0,9.0.1,42.227428,-87.953062,,,1,352769557489998,
1852727,4,17,3,37,20009,1,2020,1,1,1,2,,,9.0,9.0.1,41.911533,-88.746638,,,1,352769563489998,
1795832,4,17,3,89,20017,1,2021,7,29,1,1,,,9.0,9.0.1,42.145343,-88.297828,4.0,0.0,1,352769568489998,
1854657,1,17,3,31,23226,4,2019,7,18,1,2,,,8.0,8.0,41.983225,-87.731158,,,1,352769586489998,
1857632,1,17,3,31,21761,4,2019,7,17,1,2,,,8.0,8.0,41.831727,-87.609153,,,1,352769595489998,
1852332,4,17,3,31,20010,1,2019,7,16,1,2,,,8.0,8.0,41.785769,-87.632734,,,1,352769601489998,
1855519,1,17,3,31,23400,5,2019,8,27,1,2,,,8.0,8.0,41.976464,-87.838417,,,1,352769612489998,
1857337,1,17,3,31,23825,3,2019,7,15,1,2,,,8.0,8.0,41.792022,-87.781975,,,1,352769615489998,
1852352,4,17,3,31,20202,1,2019,8,10,1,2,,,8.0,8.0,41.555722,-87.557597,,,1,352769616489998,
1796304,4,17,3,97,20088,1,2019,8,27,1,2,,,8.0,8.0,42.204306,-87.798624,,,1,352769630489998,
1837516,4,17,3,197,20168,1,2019,7,15,1,2,,,8.0,8.0,41.645189,-88.217005,,,1,352769636489998,
1852466,4,17,3,31,20092,1,2019,8,28,1,2,,,8.0,8.0,42.02598,-88.198489,,,1,352769642489998,
1853044,4,17,3,43,20014,1,2019,8,12,1,1,,,8.0,8.0,41.901663,-88.215948,4.0,0.0,1,352769645489998,
1837534,4,17,3,197,20021,1,2019,8,11,1,2,,,8.0,8.0,41.511359,-88.202266,,,1,352769651489998,
1837518,4,17,3,197,20024,1,2019,8,29,1,4,2.0,,8.0,8.0,41.58267,-88.092542,,,1,352769652489998,
1917561,4,18,4,127,20069,1,2019,8,9,1,1,,,8.0,8.0,41.627615,-87.086989,2.0,0.0,1,352769655489998,
1856960,1,17,3,31,23433,6,2018,6,21,1,2,,,7.2.1,7.2.1,41.854536,-87.659825,,,1,352769667489998,
1854876,1,17,3,31,22214,6,2018,7,17,1,2,,,7.2.1,7.2.1,41.663143,-87.632738,,,1,352769679489998,
1856930,1,17,3,31,23328,2,2018,6,26,1,2,,,7.2.1,7.2.1,41.998363,-87.800125,,,1,352769682489998,
1852384,4,17,3,31,20155,1,2018,6,25,1,2,,,7.2.1,7.2.1,41.896527,-87.759335,,,1,352769684489998,
1853053,4,17,3,43,29990,1,2018,6,11,1,2,,,7.2.1,7.2.1,41.828023,-87.967269,,,1,352769692489998,
1852411,4,17,3,31,20032,1,2018,6,27,1,2,,,7.2.1,7.2.1,41.783594,-87.80777,,,1,352769693489998,
1796300,4,17,3,97,20057,1,2018,6,22,1,2,,,7.2.1,7.2.1,42.360212,-87.914472,,,1,352769696489998,
1852511,4,17,3,31,20152,1,2018,7,16,1,2,,,7.2.1,7.2.1,42.067701,-87.856663,,,1,352769698489998,
1795879,4,17,3,89,20053,1,2018,6,22,1,4,2.0,,7.2.1,7.2.1,41.7443,-88.37655,,,1,352769702489998,
1837523,4,17,3,197,20124,1,2018,7,20,1,2,,,7.2.1,7.2.1,41.516731,-88.084443,,,1,352769714489998,
1915883,4,18,4,127,20048,1,2018,6,20,1,1,,,7.2.1,7.2.1,41.619756,-87.220515,2.0,0.0,1,352769716489998,
1915979,4,18,4,89,29990,1,2018,6,19,1,2,,,7.2.1,7.2.1,41.513236,-87.407714,,,1,352769717489998,
1856814,1,17,3,31,23201,6,2017,5,17,1,2,,,7.1,7.1,41.973927,-87.708453,,,1,352769723489998,
1856903,1,17,3,31,23301,3,2017,7,12,1,2,,,7.1,7.1,41.897811,-87.77513,,,1,352769752489998,
1852374,4,17,3,31,20055,1,2017,5,24,1,2,,,7.1,7.1,42.015375,-87.76618,,,1,352769754489998,
1796291,4,17,3,97,20032,1,2017,5,21,1,2,,,7.1,7.1,42.427408,-87.822661,,,1,352769764489998,
1796301,4,17,3,97,20087,1,2017,5,15,1,2,,,7.1,7.1,42.255397,-87.853816,,,1,352769767489998,
1852993,4,17,3,43,20011,1,2017,5,10,1,2,,,7.1,7.1,41.856431,-88.018499,,,1,352769772489998,
1837445,4,17,3,197,20088,1,2017,6,20,1,1,,,7.1,7.1,41.565804,-87.949669,2.0,9.0,1,352769774489998,
1857695,1,17,3,31,21833,8,2016,8,2,1,2,,,7.0,7.0,41.934385,-87.697271,,,1,352769802489998,
1857896,1,17,3,31,22193,8,2016,6,13,1,2,,,7.0,7.0,41.676743,-87.657788,,,1,352769820489998,
1855684,1,17,3,31,22154,3,2016,5,26,1,3,,,7.0,7.0,41.682845,-87.586214,,,1,352769824489998,
1856933,1,17,3,31,23379,4,2016,6,28,1,2,,,7.0,7.0,41.917185,-87.807179,,,1,352769826489998,
1852351,5,17,3,31,20129,1,2016,6,8,1,2,,,7.0,7.0,41.691029,-87.757983,,,1,352769829489998,
1852337,6,17,3,31,20119,1,2016,6,13,1,2,,,7.0,7.0,41.638424,-87.550159,,,1,352769830489998,
1852459,5,17,3,31,20051,1,2016,6,27,1,2,,,7.0,7.0,42.081866,-88.041797,,,1,352769833489998,
1852402,4,17,3,31,20005,1,2016,5,4,1,2,,,7.0,7.0,41.919371,-87.852905,,,1,352769834489998,
1852998,4,17,3,43,20016,1,2016,5,18,1,2,,,7.0,7.0,41.973028,-87.968893,,,1,352769835489998,
1796321,4,17,3,97,20053,1,2016,6,2,1,3,,,7.0,7.0,42.211218,-88.055275,,,1,352769845489998,
1837502,5,17,3,197,20155,1,2016,6,14,1,2,,,7.0,7.0,41.706872,-88.069027,,,1,352769850489998,
1795928,5,17,3,89,20061,1,2016,6,6,1,2,,,7.0,7.0,41.860114,-88.334571,,,1,352769859489998,
1916049,5,18,4,89,20032,1,2016,6,7,1,2,,,7.0,7.0,41.30198,-87.434962,,,1,352769863489998,
1915125,5,18,4,127,20043,1,2016,5,2,1,4,2.0,,7.0,7.0,41.552398,-87.120917,,,1,352769868489998,
1856965,2,17,3,31,23428,2,2021,5,27,2,2,,,9.0,9.0.1,41.856235,-87.654632,,,1,559740553126144,352769806489998.0
1857790,2,17,3,31,22034,4,2021,6,29,2,2,,,9.0,9.0.1,41.780986,-87.601912,,,1,559740575126144,352769814489998.0
1856790,2,17,3,31,23171,2,2021,6,29,2,2,,,9.0,9.0.1,42.007051,-87.669035,,,1,559740579126144,352769825489998.0
1857748,2,17,3,31,22022,7,2021,6,28,2,2,,,9.0,9.0.1,41.752724,-87.558458,,,1,559740581126144,352769818489998.0
1857735,2,17,3,31,21954,2,2021,6,28,2,2,,,9.0,9.0.1,41.733809,-87.576091,,,1,781816981290487,352769744489998.0
1857797,2,17,3,31,22027,7,2021,8,14,2,2,,,9.0,9.0.1,41.783562,-87.634236,,,1,781816999290487,352769736489998.0
1857002,2,17,3,31,23445,5,2021,9,17,2,2,,,9.0,9.0.1,41.825234,-87.659033,,,1,781817028290487,352769734489998.0
1857693,2,17,3,31,21835,3,2021,5,27,2,2,,,9.0,9.0.1,41.924294,-87.699097,,,1,781817031290487,352769728489998.0
1856944,2,17,3,31,23368,8,2022,9,22,2,2,,,9.1,9.1,41.940109,-87.81228,,,1,992948061290487,352769683489998.0
1856785,2,17,3,31,23176,8,2022,9,22,2,2,,,9.1,9.1,42.000225,-87.68074,,,1,992948070290487,352769662489998.0
1469863,5,55,5,59,20261,2,2016,6,21,1,2,,,7.0,7.0,42.601405,-87.840016,,,1,923462,
1469516,1,55,5,59,22311,4,2016,6,21,1,2,,,7.0,7.0,42.531225,-88.254805,,,1,923463,
1468139,1,55,5,59,21698,4,2017,6,27,1,2,,,7.1,7.1,42.509976,-87.839488,,,1,923677,
1468095,1,55,5,59,21676,4,2019,6,20,1,2,,,8.0,8.0,42.548348,-87.906149,,,1,923696,
1468390,1,55,5,59,21823,5,2019,6,20,1,2,,,8.0,8.0,42.649511,-87.893255,,,1,923698,
1468333,1,55,5,59,21795,4,2021,4,13,1,2,,,9.0,9.0.1,42.50737,-88.068598,,,1,924132,
1856807,1,17,3,31,23208,8,2019,7,18,1,2,,,8.0,8.0,41.973224,-87.664911,,,1,352769387489998,
1855668,1,17,3,31,22170,4,2019,8,27,1,2,,,8.0,8.0,41.7076,-87.603845,,,1,352769404489998,
1837462,4,17,3,197,20107,1,2022,3,9,1,2,,,9.1,9.1,41.516728,-87.989534,,,1,352769417489998,
1796293,4,17,3,97,20085,1,2022,6,29,1,1,,,9.1,9.1,42.407054,-87.826683,2.0,0.0,1,352769419489998,
1796366,4,17,3,97,20202,1,2022,7,27,1,2,,,9.1,9.1,42.416132,-87.99647,,,1,352769420489998,
1796323,4,17,3,97,20010,1,2022,6,28,1,2,,,9.1,9.1,42.256976,-88.066578,,,1,352769432489998,
1916239,5,18,4,89,20090,1,2022,9,23,1,2,,,9.1,9.1,41.568796,-87.49387,,,1,352769444489998,
1915895,5,18,4,89,20113,1,2022,6,28,1,1,,,9.1,9.1,41.521786,-87.323004,4.0,0.0,1,352769446489998,
1852359,4,17,3,31,20203,1,2021,6,29,1,2,,,9.0,9.0.1,41.577044,-87.677859,,,1,352769474489998,
1852994,4,17,3,43,20200,1,2021,8,11,1,2,,,9.0,9.0.1,41.724582,-87.959443,,,1,352769480489998,
1852418,4,17,3,31,20018,1,2021,8,14,1,2,,,9.0,9.0.1,41.646866,-87.833858,,,1,352769481489998,
1852431,4,17,3,31,20097,1,2021,6,30,1,2,,,9.0,9.0.1,41.57018,-87.844406,,,1,352769483489998,
1853001,4,17,3,43,20201,1,2021,8,9,1,2,,,9.0,9.0.1,41.955334,-88.031406,,,1,352769491489998,
1852723,4,17,3,37,20200,1,2021,7,1,1,2,,,9.0,9.0.1,41.930712,-88.689231,,,1,352769495489998,
1795842,4,17,3,89,20031,1,2021,7,28,1,2,,,9.0,9.0.1,42.018094,-88.323527,,,1,352769500489998,
1837508,4,17,3,197,20055,1,2020,1,1,1,2,,,9.0,9.0.1,41.659151,-88.136605,,,1,352769503489998,
1856986,1,17,3,31,23407,7,2019,7,17,1,2,,,8.0,8.0,41.870377,-87.652771,,,1,352769519489998,
1857032,1,17,3,31,23469,8,2019,8,27,1,2,,,8.0,8.0,41.856917,-87.73208,,,1,352769522489998,
1857093,1,17,3,31,23516,4,2019,8,26,1,2,,,8.0,8.0,41.757184,-87.685578,,,1,352769530489998,
1852340,4,17,3,31,20124,1,2021,6,30,1,2,,,9.0,9.0.1,41.703449,-87.677691,,,1,352769533489998,
1857355,1,17,3,31,23807,7,2019,8,27,1,2,,,8.0,8.0,41.773156,-87.787732,,,1,352769541489998,
1857098,1,17,3,31,23565,6,2019,7,15,1,2,,,8.0,8.0,41.79059,-87.732001,,,1,352769543489998,
1852451,5,17,3,31,20080,1,2020,1,1,1,3,,,9.0,9.0.1,42.007968,-87.884062,,,1,352769547489998,
1852492,4,17,3,31,20094,1,2021,6,30,1,2,,,9.0,9.0.1,41.60947,-87.849075,,,1,352769551489998,
1852474,4,17,3,31,20039,1,2021,8,12,1,1,,,9.0,9.0.1,41.996981,-88.209072,2.0,0.0,1,352769554489998,
1796365,4,17,3,97,20063,1,2020,1,1,1,3,,,9.0,9.0.1,42.314678,-88.068531,,,1,352769565489998,
1853029,4,17,3,43,20061,1,2021,7,1,1,2,,,9.0,9.0.1,41.740404,-88.139872,,,1,352769571489998,
1795888,4,17,3,89,20019,1,2021,7,28,1,2,,,9.0,9.0.1,41.759911,-88.338701,,,1,352769572489998,
1797330,4,17,3,111,20087,1,2021,6,30,1,2,,,9.0,9.0.1,42.221332,-88.284488,,,1,352769573489998,
1789905,4,17,3,63,20073,1,2021,7,27,1,1,,,9.0,9.0.1,41.326458,-88.316096,5.0,0.0,1,352769576489998,
1855180,1,17,3,31,21978,4,2019,8,29,1,4,2.0,,8.0,8.0,41.805291,-87.585484,,,1,352769594489998,
1857644,1,17,3,31,21749,7,2019,6,3,1,3,,,8.0,8.0,41.848105,-87.595662,,,1,352769596489998,
1857874,1,17,3,31,22134,5,2019,7,15,1,2,,,8.0,8.0,41.73015,-87.645591,,,1,352769604489998,
1852335,4,17,3,31,20130,1,2019,7,18,1,2,,,8.0,8.0,41.696911,-87.535166,,,1,352769609489998,
1915891,4,18,4,89,20164,1,2019,8,15,1,4,2.0,,8.0,8.0,41.517246,-87.243863,,,1,352769653489998,
1857636,1,17,3,31,21757,3,2018,6,21,1,2,,,7.2.1,7.2.1,41.852336,-87.621507,,,1,352769669489998,
1857819,1,17,3,31,22062,4,2018,6,13,1,2,,,7.2.1,7.2.1,41.678044,-87.528765,,,1,352769681489998,
1837449,4,17,3,197,20129,1,2018,7,17,1,2,,,7.2.1,7.2.1,41.65413,-88.036078,,,1,352769703489998,
1795830,4,17,3,89,20069,1,2018,6,11,1,2,,,7.2.1,7.2.1,41.802282,-88.333017,,,1,352769710489998,
1857071,1,17,3,31,23538,8,2017,7,13,1,2,,,7.1,7.1,41.764865,-87.676908,,,1,352769742489998,
1852329,4,17,3,31,20200,1,2017,6,29,1,2,,,7.1,7.1,41.720463,-87.548684,,,1,352769746489998,
1857725,1,17,3,31,21964,7,2017,6,28,1,2,,,7.1,7.1,41.73254,-87.53517,,,1,352769747489998,
1852509,4,17,3,31,20090,1,2017,6,26,1,2,,,7.1,7.1,41.568881,-87.772788,,,1,352769763489998,
1853019,4,17,3,43,20045,1,2017,5,10,1,2,,,7.1,7.1,41.779935,-88.033492,,,1,352769773489998,
1852464,4,17,3,31,20154,1,2017,5,12,1,2,,,7.1,7.1,41.995482,-88.093226,,,1,352769778489998,
1795840,4,17,3,89,20025,1,2017,7,11,1,2,,,7.1,7.1,41.997002,-88.268527,,,1,352769779489998,
1837515,4,17,3,197,20011,1,2017,6,20,1,2,,,7.1,7.1,41.699375,-88.201885,,,1,352769783489998,
1796095,4,17,3,93,20009,1,2017,5,13,1,2,,,7.1,7.1,41.668665,-88.378898,,,1,352769786489998,
1915887,4,18,4,89,20086,1,2017,6,19,1,2,,,7.1,7.1,41.545679,-87.280857,,,1,352769790489998,
1916233,4,18,4,89,20152,1,2017,6,21,1,2,,,7.1,7.1,41.555145,-87.432405,,,1,352769793489998,
1854651,1,17,3,31,23232,8,2016,5,16,1,2,,,7.0,7.0,41.995703,-87.731343,,,1,352769800489998,
1852341,4,17,3,31,20182,1,2016,6,8,1,2,,,7.0,7.0,41.621376,-87.657354,,,1,352769831489998,
1796372,4,17,3,97,20061,1,2016,6,10,1,1,,,7.0,7.0,42.186368,-87.915739,3.0,0.0,1,352769843489998,
1852438,4,17,3,31,20171,1,2016,6,8,1,1,,,7.0,7.0,42.146657,-87.898781,1.0,0.0,1,352769844489998,
1857696,2,17,3,31,21832,2,2021,5,25,2,2,,,9.0,9.0.1,41.927201,-87.647402,,,1,559740555126144,352769804489998.0
1857074,2,17,3,31,23535,5,2021,6,29,2,2,,,9.0,9.0.1,41.726521,-87.660954,,,1,559740559126144,352769817489998.0
1857067,2,17,3,31,23488,8,2021,6,28,2,2,,,9.0,9.0.1,41.792262,-87.684976,,,1,559740571126144,352769812489998.0
1857893,2,17,3,31,22196,6,2021,6,30,2,2,,,9.0,9.0.1,41.715615,-87.656956,,,1,781817014290487,352769741489998.0
1856954,3,17,3,31,23358,7,2021,5,27,2,2,,,9.0,9.0.1,41.93707,-87.815345,,,1,781817064290487,352769751489998.0
1857750,2,17,3,31,22020,5,2022,9,23,2,2,,,9.1,9.1,41.75213,-87.553862,,,1,992948010290487,352769678489998.0
1857043,2,17,3,31,23512,2,2022,9,21,2,2,,,9.1,9.1,41.808232,-87.698017,,,1,992948052290487,352769665489998.0
1469919,4,55,5,59,20011,2,2017,6,28,1,2,,,7.1,7.1,42.524969,-88.137062,,,1,923671,
1468181,1,55,5,59,21719,3,2019,6,20,1,2,,,8.0,8.0,42.535912,-87.910958,,,1,923697,
1469754,5,55,5,59,20248,1,2022,8,10,1,2,,,9.1,9.1,42.571538,-87.934287,,,1,924030,
1857700,1,17,3,31,21828,6,2019,8,27,1,2,,,8.0,8.0,41.908836,-87.672668,,,1,352769394489998,
1852382,4,17,3,31,20041,1,2022,6,29,1,2,,,9.1,9.1,41.88289,-87.705652,,,1,352769396489998,
1857120,1,17,3,31,23543,8,2019,7,15,1,2,,,8.0,8.0,41.769098,-87.745816,,,1,352769407489998,
1852398,4,17,3,31,20104,1,2022,9,24,1,2,,,9.1,9.1,41.753957,-87.757845,,,1,352769413489998,
1852385,4,17,3,31,20049,1,2022,6,28,1,2,,,9.1,9.1,42.000012,-87.794871,,,1,352769418489998,
1853004,4,17,3,43,20036,1,2022,9,20,1,1,,,9.1,9.1,41.915693,-88.01358,3.0,0.0,1,352769425489998,
1852987,4,17,3,43,20047,1,2022,6,29,1,2,,,9.1,9.1,41.783644,-87.920049,,,1,352769428489998,
1797324,8,17,3,111,20114,1,2022,3,9,1,2,,,9.1,9.1,42.234164,-88.226237,,,1,352769431489998,
1837530,4,17,3,197,20068,1,2021,8,10,1,2,,,9.1,9.1,41.560989,-88.169888,,,1,352769440489998,
1918799,5,18,4,89,20087,1,2022,9,26,1,4,2.0,,9.1,9.1,41.388461,-87.37173,,,1,352769442489998,
1852399,5,17,3,31,20038,1,2021,8,12,1,2,,,9.0,9.0.1,41.818636,-87.727495,,,1,352769458489998,
1855687,1,17,3,31,22151,6,2019,7,17,1,2,,,8.0,8.0,41.680555,-87.60391,,,1,352769465489998,
1852406,4,17,3,31,20175,1,2021,8,10,1,2,,,9.0,9.0.1,41.89634,-87.857492,,,1,352769478489998,
1853026,4,17,3,43,20018,1,2021,7,2,1,2,,,9.0,9.0.1,41.792455,-88.089003,,,1,352769502489998,
1857667,1,17,3,31,21780,5,2019,9,2,1,4,2.0,,8.0,8.0,41.95784,-87.651226,,,1,352769514489998,
1857030,1,17,3,31,23471,4,2019,8,27,1,2,,,8.0,8.0,41.836742,-87.731741,,,1,352769521489998,
1857766,1,17,3,31,22004,3,2019,8,28,1,2,,,8.0,8.0,41.755458,-87.565489,,,1,352769528489998,
1855516,1,17,3,31,23403,2,2019,8,28,1,1,,,8.0,8.0,41.939765,-87.84084,5.0,0.0,1,352769539489998,
1855305,1,17,3,31,24535,8,2019,8,27,1,2,,,8.0,8.0,41.973324,-87.901462,,,1,352769540489998,
1852416,4,17,3,31,20007,1,2021,6,28,1,2,,,9.0,9.0.1,41.690551,-87.817601,,,1,352769550489998,
1837506,4,17,3,197,20116,1,2021,8,14,1,2,,,9.0,9.0.1,41.684319,-88.154285,,,1,352769558489998,
1915119,4,18,4,127,20096,1,2021,7,1,1,1,,,9.0,9.0.1,41.566341,-87.03682,1.0,0.0,1,352769580489998,
1915975,4,18,4,89,20027,1,2021,6,29,1,1,,,9.0,9.0.1,41.540796,-87.393988,2.0,0.0,1,352769581489998,
1857031,1,17,3,31,23470,5,2019,7,17,1,2,,,8.0,8.0,41.848911,-87.730636,,,1,352769591489998,
1857125,1,17,3,31,23619,5,2019,7,16,1,2,,,8.0,8.0,41.780023,-87.732361,,,1,352769597489998,
1857782,1,17,3,31,22042,5,2019,8,27,1,2,,,8.0,8.0,41.774435,-87.656571,,,1,352769600489998,
1857907,1,17,3,31,22182,4,2019,8,28,1,2,,,8.0,8.0,41.706463,-87.686476,,,1,352769605489998,
1854669,1,17,3,31,23592,2,2019,7,16,1,2,,,8.0,8.0,41.870357,-87.763676,,,1,352769614489998,
1852446,4,17,3,31,20030,1,2019,7,22,1,2,,,8.0,8.0,42.107985,-88.00781,,,1,352769623489998,
1852426,4,17,3,31,20011,1,2019,8,11,1,1,,,8.0,8.0,41.596169,-87.766728,2.0,0.0,1,352769627489998,
1795849,4,17,3,89,20013,1,2019,7,15,1,2,,,8.0,8.0,41.878409,-88.297382,,,1,352769634489998,
1853021,4,17,3,43,20002,1,2019,7,15,1,2,,,8.0,8.0,41.746631,-88.0245,,,1,352769635489998,
1796379,4,17,3,97,20031,1,2019,7,23,1,2,,,8.0,8.0,42.355667,-88.102393,,,1,352769640489998,
1853010,5,17,3,43,20028,1,2019,8,26,1,2,,,8.0,8.0,41.842518,-88.092662,,,1,352769643489998,
1916000,4,18,4,89,20009,1,2019,8,9,1,2,,,8.0,8.0,41.455471,-87.463076,,,1,352769657489998,
1856785,1,17,3,31,23176,8,2018,6,13,1,2,,,7.2.1,7.2.1,42.000225,-87.68074,,,1,352769662489998,
1856854,1,17,3,31,23296,2,2018,7,19,1,2,,,7.2.1,7.2.1,41.902329,-87.722934,,,1,352769664489998,
1852391,4,17,3,31,20027,1,2018,6,21,1,2,,,7.2.1,7.2.1,41.819949,-87.660509,,,1,352769666489998,
1857063,1,17,3,31,23492,5,2018,6,21,1,2,,,7.2.1,7.2.1,41.776595,-87.676754,,,1,352769671489998,
1857103,1,17,3,31,23560,3,2018,6,14,1,2,,,7.2.1,7.2.1,41.77301,-87.725682,,,1,352769676489998,
1856944,1,17,3,31,23368,8,2018,7,19,1,2,,,7.2.1,7.2.1,41.940109,-87.81228,,,1,352769683489998,
1796324,4,17,3,97,20074,1,2018,6,12,1,2,,,7.2.1,7.2.1,42.281867,-88.141461,,,1,352769704489998,
1797317,4,17,3,111,20019,1,2018,6,23,1,2,,,7.2.1,7.2.1,42.357175,-88.273053,,,1,352769712489998,
1915915,4,18,4,89,20076,1,2018,7,16,1,4,2.0,,7.2.1,7.2.1,41.61476,-87.389053,,,1,352769715489998,
1856805,1,17,3,31,23210,3,2017,5,17,1,2,,,7.1,7.1,41.981189,-87.681831,,,1,352769722489998,
1857002,1,17,3,31,23445,5,2017,7,14,1,2,,,7.1,7.1,41.825234,-87.659033,,,1,352769734489998,
1856954,1,17,3,31,23358,7,2017,7,12,1,2,,,7.1,7.1,41.93707,-87.815345,,,1,352769751489998,
1837464,4,17,3,197,20064,1,2017,6,22,1,2,,,7.1,7.1,41.476554,-87.970208,,,1,352769760489998,
1796313,4,17,3,97,20021,1,2017,5,10,1,2,,,7.1,7.1,42.326404,-87.958403,,,1,352769765489998,
1837561,4,17,3,197,20017,1,2017,6,20,1,2,,,7.1,7.1,41.492456,-88.212175,,,1,352769775489998,
1853035,4,17,3,43,20024,1,2017,5,13,1,2,,,7.1,7.1,41.782688,-88.1851,,,1,352769782489998,
1857696,1,17,3,31,21832,2,2016,6,28,1,2,,,7.0,7.0,41.927201,-87.647402,,,1,352769804489998,
1859375,1,17,3,31,21803,7,2016,8,2,1,2,,,7.0,7.0,41.900067,-87.62104,,,1,352769805489998,
1857790,1,17,3,31,22034,4,2016,6,12,1,2,,,7.0,7.0,41.780986,-87.601912,,,1,352769814489998,
1856790,1,17,3,31,23171,2,2016,5,16,1,2,,,7.0,7.0,42.007051,-87.669035,,,1,352769825489998,
1795901,4,17,3,89,20038,1,2016,5,4,1,2,,,7.0,7.0,42.13828,-88.432933,,,1,352769846489998,
1837533,4,17,3,197,20006,1,2016,5,19,1,2,,,7.0,7.0,41.539749,-88.152566,,,1,352769852489998,
1795852,5,17,3,89,20090,1,2016,5,26,1,3,,,7.0,7.0,41.948635,-88.326133,,,1,352769860489998,
1854651,2,17,3,31,23232,8,2021,5,25,2,2,,,9.0,9.0.1,41.995703,-87.731343,,,1,559740535126144,352769800489998.0
1856933,2,17,3,31,23379,4,2021,5,27,2,2,,,9.0,9.0.1,41.917185,-87.807179,,,1,559740539126144,352769826489998.0
1857896,2,17,3,31,22193,8,2021,8,14,2,2,,,9.0,9.0.1,41.676743,-87.657788,,,1,559740561126144,352769820489998.0
1857843,2,17,3,31,22111,5,2021,6,30,2,2,,,9.0,9.0.1,41.654799,-87.566383,,,1,781816987290487,352769750489998.0
1856903,2,17,3,31,23301,3,2021,5,25,2,2,,,9.0,9.0.1,41.897811,-87.77513,,,1,781817058290487,352769752489998.0
1857349,2,17,3,31,23813,4,2021,6,28,2,2,,,9.0,9.0.1,41.773463,-87.766389,,,1,781817061290487,352769753489998.0
1857771,2,17,3,31,22053,2,2022,9,21,2,2,,,9.1,9.1,41.8004,-87.644487,,,1,992948034290487,352769673489998.0
1857101,2,17,3,31,23562,4,2022,3,9,2,2,,,9.1,9.1,41.744129,-87.719877,,,1,992948046290487,352769675489998.0
1469843,6,55,5,59,20094,1,2016,6,21,1,2,,,7.0,7.0,42.55611,-87.893393,,,1,923417,
1469732,5,55,5,59,20053,1,2018,7,11,1,2,,,7.2.1,7.2.1,42.518227,-87.847217,,,1,923571,
1467935,1,55,5,59,21596,4,2017,5,25,1,2,,,7.1,7.1,42.590208,-87.886197,,,1,923675,
1467836,1,55,5,59,21546,3,2018,7,10,1,1,,,7.2.1,7.2.1,42.658318,-87.841891,4.0,0.0,1,923687,
1467887,1,55,5,59,21572,5,2018,7,10,1,2,,,7.2.1,7.2.1,42.624847,-87.825905,,,1,923688,
1468516,1,55,5,59,21886,5,2022,8,10,1,2,,,9.1,9.1,42.567983,-87.930474,,,1,924144,
1856819,1,17,3,31,23196,5,2019,7,18,1,2,,,8.0,8.0,41.963351,-87.69508,,,1,352769388489998,
1859354,1,17,3,31,21824,8,2019,7,16,1,2,,,8.0,8.0,41.8781,-87.628309,,,1,352769398489998,
1856981,1,17,3,31,23412,5,2019,7,17,1,2,,,8.0,8.0,41.865825,-87.666026,,,1,352769399489998,
1857039,1,17,3,31,23462,7,2019,8,27,1,2,,,8.0,8.0,41.846202,-87.700473,,,1,352769400489998,
1857898,1,17,3,31,22191,7,2019,7,17,1,2,,,8.0,8.0,41.726595,-87.641679,,,1,352769406489998,
1855302,1,17,3,31,24538,3,2019,8,27,1,2,,,8.0,8.0,41.972536,-87.895365,,,1,352769412489998,
1852455,4,17,3,31,20123,1,2022,6,28,1,1,,,9.1,9.1,42.033868,-87.999489,4.0,0.0,1,352769424489998,
1837465,4,17,3,197,20039,1,2022,9,24,1,2,,,9.1,9.1,41.487988,-88.026588,,,1,352769429489998,
1795839,4,17,3,89,20028,1,2022,7,28,1,1,,,9.1,9.1,42.061648,-88.307076,3.0,1.0,1,352769435489998,
1857855,1,17,3,31,22099,3,2019,8,24,1,2,,,8.0,8.0,41.644624,-87.613314,,,1,352769466489998,
1857338,1,17,3,31,23824,8,2019,8,27,1,2,,,8.0,8.0,41.784556,-87.77854,,,1,352769471489998,
1837453,4,17,3,197,20077,1,2021,7,28,1,2,,,9.0,9.0.1,41.468065,-87.881102,,,1,352769475489998,
1852440,4,17,3,31,20158,1,2021,7,1,1,2,,,9.0,9.0.1,42.120724,-87.944681,,,1,352769489489998,
1916222,6,18,4,89,20048,1,2021,8,19,1,2,,,9.0,9.0.1,41.657353,-87.49044,,,1,352769508489998,
1855672,1,17,3,31,22166,8,2019,7,17,1,2,,,8.0,8.0,41.672784,-87.600199,,,1,352769535489998,
1856942,1,17,3,31,23370,2,2019,7,18,1,2,,,8.0,8.0,41.952452,-87.770753,,,1,352769537489998,
1853018,4,17,3,43,20001,1,2021,8,13,1,2,,,9.0,9.0.1,41.768425,-87.955594,,,1,352769549489998,
1789890,4,17,3,63,20048,1,2021,6,29,1,2,,,9.0,9.0.1,41.43674,-88.283889,,,1,352769561489998,
1797301,4,17,3,111,20105,1,2021,8,11,1,1,,,9.0,9.0.1,42.38997,-88.230862,1.0,0.0,1,352769564489998,
1795845,4,17,3,89,20023,1,2021,7,1,1,1,,,9.0,9.0.1,42.078884,-88.360653,1.0,0.0,1,352769569489998,
1795904,6,17,3,89,20059,1,2021,6,29,1,2,,,9.0,9.0.1,42.153252,-88.47416,,,1,352769575489998,
1917873,4,18,4,73,20155,1,2021,7,2,1,1,,,9.0,9.0.1,41.185871,-87.218276,2.0,0.0,1,352769577489998,
1916052,4,18,4,89,20075,1,2021,6,29,1,2,,,9.0,9.0.1,41.3841,-87.4633,,,1,352769578489998,
1859355,1,17,3,31,21823,5,2019,7,18,1,2,,,8.0,8.0,41.925332,-87.62884,,,1,352769587489998,
1856864,1,17,3,31,23286,6,2019,6,10,1,2,,,8.0,8.0,41.909675,-87.709619,,,1,352769588489998,
1856984,1,17,3,31,23409,4,2019,7,16,1,2,,,8.0,8.0,41.872002,-87.652642,,,1,352769590489998,
1856995,1,17,3,31,23452,4,2019,7,16,1,2,,,8.0,8.0,41.832023,-87.627737,,,1,352769593489998,
1857066,1,17,3,31,23489,6,2019,8,27,1,4,2.0,,8.0,8.0,41.80291,-87.696934,,,1,352769599489998,
1857977,1,17,3,31,22301,8,2019,7,16,1,2,,,8.0,8.0,41.692976,-87.718752,,,1,352769606489998,
1852353,4,17,3,31,20022,1,2019,8,10,1,2,,,8.0,8.0,41.528652,-87.611494,,,1,352769618489998,
1852430,4,17,3,31,20065,1,2019,7,19,1,2,,,8.0,8.0,41.513772,-87.765933,,,1,352769619489998,
1852454,4,17,3,31,20207,1,2019,7,20,1,2,,,8.0,8.0,41.924148,-87.911405,,,1,352769624489998,
1852504,4,17,3,31,20044,1,2019,7,18,1,2,,,8.0,8.0,41.854923,-87.773667,,,1,352769625489998,
1796315,4,17,3,97,20064,1,2019,7,23,1,2,,,8.0,8.0,42.281515,-87.958003,,,1,352769631489998,
1796355,4,17,3,97,29990,1,2019,7,22,1,2,,,8.0,8.0,42.221931,-88.116636,,,1,352769632489998,
1797328,4,17,3,111,20065,1,2019,8,7,1,2,,,8.0,8.0,42.273075,-88.284738,,,1,352769648489998,
1852395,4,17,3,31,20114,1,2018,7,20,1,2,,,7.2.1,7.2.1,41.794043,-87.67056,,,1,352769672489998,
1857771,1,17,3,31,22053,2,2018,6,14,1,2,,,7.2.1,7.2.1,41.8004,-87.644487,,,1,352769673489998,
1837411,4,17,3,197,20067,1,2018,6,18,1,2,,,7.2.1,7.2.1,41.440133,-87.631008,,,1,352769690489998,
1852460,4,17,3,31,20001,1,2018,6,26,1,1,,,7.2.1,7.2.1,42.020574,-88.032176,1.0,0.0,1,352769691489998,
1852414,4,17,3,31,20067,1,2018,6,21,1,2,,,7.2.1,7.2.1,41.747815,-87.861924,,,1,352769694489998,
1852484,4,17,3,31,20176,1,2018,6,18,1,2,,,7.2.1,7.2.1,41.586358,-87.907326,,,1,352769695489998,
1852376,4,17,3,31,20135,1,2018,7,16,1,2,,,7.2.1,7.2.1,42.135625,-87.825039,,,1,352769699489998,
1853036,4,17,3,43,20013,1,2018,6,11,1,2,,,7.2.1,7.2.1,41.736453,-88.189333,,,1,352769708489998,
1854662,1,17,3,31,23221,5,2017,5,17,1,2,,,7.1,7.1,41.976064,-87.731272,,,1,352769725489998,
1856828,1,17,3,31,23268,3,2017,5,18,1,2,,,7.1,7.1,41.956784,-87.732077,,,1,352769726489998,
1852389,4,17,3,31,20167,1,2017,7,12,1,2,,,7.1,7.1,41.876987,-87.669089,,,1,352769733489998,
1857797,1,17,3,31,22027,7,2017,7,13,1,2,,,7.1,7.1,41.783562,-87.634236,,,1,352769736489998,
1857888,1,17,3,31,22120,2,2017,6,27,1,2,,,7.1,7.1,41.740899,-87.617621,,,1,352769740489998,
1857349,1,17,3,31,23813,4,2017,6,26,1,2,,,7.1,7.1,41.773463,-87.766389,,,1,352769753489998,
1852346,4,17,3,31,20028,1,2017,6,26,1,2,,,7.1,7.1,41.713941,-87.746867,,,1,352769755489998,
1852479,4,17,3,31,20133,1,2017,6,21,1,1,,,7.1,7.1,41.558958,-87.61452,4.0,0.0,1,352769757489998,
1852405,4,17,3,31,20061,1,2017,5,10,1,2,,,7.1,7.1,41.858885,-87.834804,,,1,352769761489998,
1852999,4,17,3,43,20049,1,2017,5,10,1,2,,,7.1,7.1,41.981846,-88.039492,,,1,352769771489998,
1795837,4,17,3,89,20002,1,2017,5,10,1,2,,,7.1,7.1,42.100452,-88.265442,,,1,352769780489998,
1837569,4,17,3,197,20029,1,2017,6,22,1,2,,,7.1,7.1,41.622867,-88.075091,,,1,352769789489998,
1857694,1,17,3,31,21834,4,2016,6,29,1,2,,,7.0,7.0,41.924233,-87.695334,,,1,352769803489998,
1857067,1,17,3,31,23488,8,2016,6,28,1,2,,,7.0,7.0,41.792262,-87.684976,,,1,352769812489998,
1852330,4,17,3,31,20109,1,2016,6,12,1,2,,,7.0,7.0,41.769879,-87.57082,,,1,352769815489998,
1857913,1,17,3,31,22176,5,2016,6,9,1,2,,,7.0,7.0,41.699543,-87.649491,,,1,352769819489998,
1853039,5,17,3,43,20034,1,2016,5,3,1,2,,,7.0,7.0,41.747664,-88.2554,,,1,352769858489998,
1854673,2,17,3,31,23588,8,2020,1,1,2,2,,,9.0,9.0.1,41.867252,-87.759815,,,1,559740541126144,352769827489998.0
1857880,3,17,3,31,22128,3,2021,8,13,2,4,2.0,,9.0,9.0.1,41.742991,-87.639518,,,1,559740565126144,352769816489998.0
1857773,2,17,3,31,22051,8,2020,1,1,2,2,,,9.0,9.0.1,41.797914,-87.638192,,,1,559740573126144,352769813489998.0
1855673,2,17,3,31,22165,5,2021,6,30,2,2,,,9.0,9.0.1,41.710539,-87.591838,,,1,781816984290487,352769743489998.0
1857776,2,17,3,31,22048,6,2021,6,29,2,2,,,9.0,9.0.1,41.763714,-87.626432,,,1,781817002290487,352769737489998.0
1857888,2,17,3,31,22120,2,2021,9,17,2,2,,,9.0,9.0.1,41.740899,-87.617621,,,1,781817005290487,352769740489998.0
1857910,3,17,3,31,22179,2,2021,8,14,2,2,,,9.0,9.0.1,41.700485,-87.683697,,,1,781817017290487,352769749489998.0
1856846,2,17,3,31,23250,2,2021,9,17,2,2,,,9.0,9.0.1,41.919274,-87.741006,,,1,781817037290487,352769732489998.0
1857819,2,17,3,31,22062,4,2022,6,28,2,2,,,9.1,9.1,41.678044,-87.528765,,,1,992948007290487,352769681489998.0
1469621,5,55,5,59,20042,1,2017,6,27,1,2,,,7.1,7.1,42.647054,-87.845651,,,1,923565,
1468979,1,55,5,59,22118,5,2017,6,28,1,2,,,7.1,7.1,42.514569,-88.121248,,,1,923672,
1468024,1,55,5,59,21640,5,2018,7,11,1,2,,,7.2.1,7.2.1,42.504652,-87.804539,,,1,923691,
1469103,1,55,5,59,22180,3,2019,6,19,1,2,,,8.0,8.0,42.538279,-88.142838,,,1,923699,
1469921,4,55,5,59,20278,2,2020,1,1,1,3,,,9.0,9.0.1,42.507215,-88.269631,,,1,924125,
1469860,5,55,5,59,20288,2,2021,4,14,1,2,,,9.0,9.0.1,42.624007,-87.858594,,,1,924134,
1469927,4,55,5,59,20071,2,2021,4,14,1,2,,,9.0,9.0.1,42.573895,-87.870755,,,1,924135,
1467748,1,55,5,59,21502,5,2022,8,10,1,2,,,9.1,9.1,42.552092,-87.826662,,,1,924142,
1852476,4,17,3,31,20031,1,2022,3,9,1,2,,,9.1,9.1,41.697919,-87.621095,,,1,352769408489998,
1852428,4,17,3,31,20184,1,2022,6,30,1,2,,,9.1,9.1,41.594226,-87.784706,,,1,352769415489998,
1796316,4,17,3,97,20017,1,2022,3,9,1,2,,,9.1,9.1,42.300903,-88.015852,,,1,352769421489998,
1852448,4,17,3,31,20025,1,2022,9,20,1,2,,,9.1,9.1,42.132309,-88.085081,,,1,352769433489998,
1853000,4,17,3,43,20027,1,2022,9,20,1,2,,,9.1,9.1,41.985385,-88.159502,,,1,352769434489998,
1852380,4,17,3,31,20088,1,2021,6,29,1,2,,,9.0,9.0.1,41.964724,-87.705601,,,1,352769450489998,
1857666,1,17,3,31,21781,3,2019,6,10,1,2,,,8.0,8.0,41.941785,-87.645643,,,1,352769452489998,
1856845,1,17,3,31,23251,6,2019,7,17,1,2,,,8.0,8.0,41.925623,-87.745445,,,1,352769453489998,
1837448,4,17,3,197,20043,1,2021,8,11,1,2,,,9.0,9.0.1,41.566701,-88.040859,,,1,352769482489998,
1852375,4,17,3,31,20046,1,2021,8,9,1,2,,,9.0,9.0.1,42.038202,-87.855432,,,1,352769488489998,
1795838,4,17,3,89,20052,1,2021,8,10,1,1,,,9.0,9.0.1,42.091266,-88.317096,4.0,0.0,1,352769490489998,
1796088,4,17,3,93,20200,1,2021,7,28,1,2,,,9.0,9.0.1,41.708341,-88.280566,,,1,352769493489998,
1795855,4,17,3,89,20200,1,2020,1,1,1,2,,,9.0,9.0.1,41.935458,-88.358814,,,1,352769494489998,
1915913,5,18,4,89,20043,1,2021,8,19,1,2,,,9.0,9.0.1,41.576537,-87.334707,,,1,352769509489998,
1915977,5,18,4,89,20078,1,2020,1,1,1,2,,,9.0,9.0.1,41.521832,-87.372426,,,1,352769510489998,
1857118,1,17,3,31,23545,5,2019,7,15,1,2,,,8.0,8.0,41.758539,-87.713367,,,1,352769529489998,
1857727,1,17,3,31,21962,3,2019,7,18,1,2,,,8.0,8.0,41.705695,-87.557321,,,1,352769531489998,
1852356,4,17,3,31,20168,1,2020,1,1,1,2,,,9.0,9.0.1,41.486864,-87.611338,,,1,352769544489998,
1796285,4,17,3,97,20044,1,2021,5,25,1,2,,,9.0,9.0.1,42.456554,-87.863791,,,1,352769553489998,
1857058,1,17,3,31,23497,4,2019,7,16,1,2,,,8.0,8.0,41.792544,-87.716107,,,1,352769598489998,
1855674,1,17,3,31,22164,7,2019,9,3,1,4,2.0,,8.0,8.0,41.697064,-87.571407,,,1,352769607489998,
1856929,1,17,3,31,23329,7,2019,8,27,1,2,,,8.0,8.0,41.995777,-87.802189,,,1,352769611489998,
1837455,4,17,3,197,20165,1,2019,7,19,1,2,,,8.0,8.0,41.499245,-87.939247,,,1,352769621489998,
1796370,4,17,3,97,20072,1,2019,8,8,1,2,,,8.0,8.0,42.320031,-87.895156,,,1,352769628489998,
1837573,4,17,3,197,20140,1,2019,7,19,1,2,,,8.0,8.0,41.402587,-88.151748,,,1,352769638489998,
1853052,4,17,3,43,20064,1,2019,7,22,1,2,,,8.0,8.0,41.96144,-88.071022,,,1,352769641489998,
1795861,4,17,3,89,20067,1,2019,8,13,1,1,,,8.0,8.0,41.939671,-88.409124,3.0,0.0,1,352769646489998,
1854661,1,17,3,31,23222,2,2018,7,16,1,2,,,7.2.1,7.2.1,41.978249,-87.739546,,,1,352769663489998,
1857750,1,17,3,31,22020,5,2018,7,18,1,2,,,7.2.1,7.2.1,41.75213,-87.553862,,,1,352769678489998,
1857806,1,17,3,31,22075,6,2018,7,18,1,2,,,7.2.1,7.2.1,41.706793,-87.535547,,,1,352769680489998,
1852496,4,17,3,31,20164,1,2018,5,24,1,2,,,7.2.1,7.2.1,41.971261,-87.892145,,,1,352769687489998,
1855301,1,17,3,31,24539,5,2018,6,12,1,2,,,7.2.1,7.2.1,41.986224,-87.893308,,,1,352769688489998,
1854642,1,17,3,31,23241,7,2017,5,16,1,2,,,7.1,7.1,41.993394,-87.740737,,,1,352769721489998,
1856776,1,17,3,31,23185,7,2017,5,17,1,2,,,7.1,7.1,41.993996,-87.694619,,,1,352769724489998,
1856834,1,17,3,31,23262,4,2017,5,18,1,2,,,7.1,7.1,41.940446,-87.695547,,,1,352769727489998,
1857693,1,17,3,31,21835,3,2017,5,19,1,2,,,7.1,7.1,41.924294,-87.699097,,,1,352769728489998,
1856846,1,17,3,31,23250,2,2017,5,19,1,2,,,7.1,7.1,41.919274,-87.741006,,,1,352769732489998,
1857000,1,17,3,31,23447,3,2017,7,14,1,2,,,7.1,7.1,41.820588,-87.626113,,,1,352769735489998,
1857868,1,17,3,31,22140,8,2017,6,28,1,2,,,7.1,7.1,41.721995,-87.604987,,,1,352769748489998,
1852425,4,17,3,31,20183,1,2017,6,27,1,2,,,7.1,7.1,41.650953,-87.773443,,,1,352769759489998,
1915181,4,18,4,127,20025,1,2017,6,18,1,2,,,7.1,7.1,41.442177,-87.033276,,,1,352769794489998,
1856979,1,17,3,31,23414,8,2016,6,2,1,3,,,7.0,7.0,41.872054,-87.630952,,,1,352769807489998,
1856970,1,17,3,31,23423,3,2016,6,23,1,2,,,7.0,7.0,41.863461,-87.66239,,,1,352769808489998,
1857047,1,17,3,31,23508,3,2016,6,22,1,2,,,7.0,7.0,41.815999,-87.696354,,,1,352769810489998,
1857074,1,17,3,31,23535,5,2016,6,8,1,2,,,7.0,7.0,41.726521,-87.660954,,,1,352769817489998,
1855691,1,17,3,31,22147,2,2016,6,8,1,2,,,7.0,7.0,41.700094,-87.588324,,,1,352769821489998,
1857721,1,17,3,31,21968,5,2016,6,13,1,2,,,7.0,7.0,41.701366,-87.534532,,,1,352769823489998,
1852373,4,17,3,31,20023,1,2016,5,17,1,2,,,7.0,7.0,42.06237,-87.766956,,,1,352769841489998,
1853048,5,17,3,43,20039,1,2016,6,6,1,3,,,7.0,7.0,41.909567,-88.19569,,,1,352769857489998,
1856781,2,17,3,31,23180,4,2020,1,1,2,2,,,9.0,9.0.1,41.990175,-87.713765,,,1,559740537126144,352769801489998.0
1857695,2,17,3,31,21833,8,2021,6,29,2,2,,,9.0,9.0.1,41.934385,-87.697271,,,1,559740543126144,352769802489998.0
1857694,2,17,3,31,21834,4,2021,5,25,2,2,,,9.0,9.0.1,41.924233,-87.695334,,,1,559740547126144,352769803489998.0
1856970,2,17,3,31,23423,3,2021,5,26,2,2,,,9.0,9.0.1,41.863461,-87.66239,,,1,559740549126144,352769808489998.0
1855296,2,17,3,31,24544,6,2020,1,1,2,2,,,9.0,9.0.1,41.961308,-87.898411,,,1,559740577126144,352769828489998.0
1857812,2,17,3,31,22069,3,2020,1,1,2,2,,,9.0,9.0.1,41.665403,-87.565421,,,1,559740585126144,352769822489998.0
1857868,2,17,3,31,22140,8,2021,8,14,2,2,,,9.0,9.0.1,41.721995,-87.604987,,,1,781817008290487,352769748489998.0
1856803,2,17,3,31,23212,4,2021,9,17,2,2,,,9.0,9.0.1,41.950602,-87.680464,,,1,781817025290487,352769729489998.0
1854642,2,17,3,31,23241,7,2021,8,9,2,2,,,9.0,9.0.1,41.993394,-87.740737,,,1,781817046290487,352769721489998.0
1854662,2,17,3,31,23221,5,2021,5,25,2,2,,,9.0,9.0.1,41.976064,-87.731272,,,1,781817055290487,352769725489998.0
1857636,3,17,3,31,21757,3,2022,7,1,2,2,,,9.1,9.1,41.852336,-87.621507,,,1,992948019290487,352769669489998.0
1857070,2,17,3,31,23539,7,2022,9,21,2,2,,,9.1,9.1,41.760045,-87.674616,,,1,992948022290487,352769677489998.0
1856960,2,17,3,31,23433,6,2022,7,1,2,2,,,9.1,9.1,41.854536,-87.659825,,,1,992948028290487,352769667489998.0
1857128,3,17,3,31,23616,8,2022,3,9,2,2,,,9.1,9.1,41.785333,-87.748734,,,1,992948055290487,352769685489998.0
